"id","statement","level"
5,"نعتبر الخماسي المحدب  $ABCDE$ حيث $BCDE$ مربع مركزه  $O$ و $\angle A=90 $ .  أثبت أن المستقيم  $(AO)$ ينصف الزاوية $\angle BAE$ .",1
2,"أثبت أن مجموع أعداد السطر ذو الرتبة 
$n $
من مثلث باسكال هو 
$2^n$.",2
3,"ليكن 
$n $
عددا طبيعيا. أثبت أن العدد 
$n^5-5n^3+4n $
هو جداء خمسة أعداد صحيحة متتالية.",1
1,"ليكن 
$x $
و
$y $
عددين حقيقيين يحققان
\begin{align}
\left(\sqrt{1+x^2}+x\right)\left(\sqrt{1+y^2}+y\right)=1
\end{align}
عين القيم الممكنة للمقدار 
$x+y$.",2
11,"لیکن $ ABC$ مثلثا، و $ Q$، $P$ ، $N$ ، $M$ مساقط رأسه $A$ على المنصفين الداخليين، والمنصفين الخارجيين للزاويتين عند الرأسين $ B$ و$ C$. أثبت أن النقط$ Q$، $P$ ،$ N$ ،$M $ على استقامة واحدة.",1
15,"لیکن $ABC$مثلثا ، و $F$ ، $E$ ، $D$ نقط منتصفات أضلاعه $ [AB]$ ، $[CA ]$ ، $[ BC ]$   على الترتيب.  أثبت أن $ \angle    DAC = \angle    EBA $  إذا وفقط إذا كان  $ \angle    CFA = \angle ADB$.  ",1
162,"  جد كل الدوال  $f : \R^* \mapsto \R^*$  التي تحقق  $$f(x)+2f(\dfrac{1}{x})=3x$$  لكل  $x\in \R^*$   ",1
18,"لیکن $ABC $ مثلثا، و $C'$ ، $B'$ نقطتين على ضلعیه $[AB]$، $[ CA]$، على الترتيب. يتقاطع منصفا الزاويتين $\angle B'BA $و$\angle ACC'$ في $D$. أثبت أن$\measuredangle BC'C + \measuredangle BB'C = 2\measuredangle BDC$ . ",1
6,"ليكن  $ABC$ مثلثا . الدائرة المحاطة للمثلث $\triangle ABC$ تمس $(AB)$ و $(AC)$ في $D$ و $E$ على التوالي . لتكن  $O$ مركز الدائره المحيطة بالمثلث $\triangle BCI$ أثبت أن $\angle ODB = \angle OEC$.",1
13,"ليكن $ABCD$رباعيا دائريا حيث$I_1$ و $I_2$ نقطتي تلاقي منصفات زوايا المثلثين $\triangle ABC$ و $\triangle DBC$ على الترتيب . أثبت أن الرباعي  $I_1I_2BC$ دائري .",2
12,"ليكن $ABC$ مثلثا ، و $H_a$ قدم ارتفاعه في $A$ ، و   $M_a$ ، $M_b$ ، $M_c$ منتصفات أضلاعه $[BC]$ ، $[CA]$ ، $[AB]$ على الترتيب. 
<br>
1- أثبت أن المثلثين $M_aM_bM_c$ و $H_aM_bM_c$ متقايسان . 
<br>
2- أثبت أن المثلثين $H_aH_bH_c$ و $M_aM_bM_c$ محاطان بنفس الدائرة .",2
163,"  جد كل الدوال  $f : \R \mapsto \R$  التي تحقق  $$f(x)+xf(1-x)=x$$  لكل  $x\in \R$   ",1
7,"لتكن D نقطة على الضلع $[ BC ] $ للمثلث $ABC$، و $R_b$  و  $R_c$   نصفي قطري المثلثين $ABD $ و $ACD$ ، على الترتيب.
 أثبت أن   $\frac{R_b}{R_c}=\frac{AB}{AC}$",1
19,"ليكن  $ABC$ مثلثا حادا .تم إنشاء مربعين$ABB_1B_2$ و$ACC_1C_2$على ضلعي المثلث $ABC$ وخارجه. أثبت أن المستقيمين$(BC_1)$ و$(CB_1)$ وارتفاع$ABC$عند$A$ يلتقون في نقطة واحدة.",3
20,"النقطتان $E$و$F$تقعان على الضلع $[BC]$من الرباعي المحدب$ABCD$ (مع$E$ أقرب إلى $F$ من  $B$ ) . نعلم أن $\angle BAE=\angle CDF$ و $\angle EAF = \angle FDE$ . أثبت أن $\angle FAC = \angle EDB$ .",2
21,"نعتبر المثلث الحاد  $\triangle ABC$ المرسوم داخل الدائرة $\Omega$ . لتكن $X$ منتصف القوس $\widehat{BC}$ الذي لا يحوي  $A$ . بالمثل، نعرّف  $Y$ و $Z$ . أثبت أن نقطة تلاقي ارتفاعات $\triangle XYZ$ هي مركز الدائرة المرسومة داخل $\triangle ABC$ .",2
22,"ليكن $ABCD$ رباعيا دائريا أضلاعه غير متوازية و لتكن $X$ نقطة تقاطع المستقيمات $(AB)$ و $(CD)$ و $Y$ نقطة تقاطع المستقيمات $(AD)$ و $(BC)$. منصف الزاوية $\angle DYC$  يقطع المستقيم $(AB)$ في $E$ والمستقيم $(CD)$ في $F$. منصف الزاوية   $\angle BXC$   يقطع المستقيم $(BC)$ في $G$ و المستقيم $(AD)$ في $H$. أثبت أن $GF = EH$.",2
16,"ليكن $ABC$ مثلثا قائما في $C$ و لتكن $N$ قدم الإرتفاع من $C$. منصفات الزوايا $\angle NCA$        و $\angle BCN$ تتقاطع مع المستقيم $(AB)$ في $K$ و $L$ على الترتيب. ليكن $S$ و $T$ مركزا الدائرتين المحاطتين  بالمثلثين $BCN$ و $NCA$ على الترتيب.بين أن النقاط $S$ و $K$ و $T$ و $L$ تقع على نفس الدائرة.",2
14,"ليكن $ABC$ مثلثا قائما في $C$ و لتكن $K$ منتصف الضلع $[AB]$ و $M$ نقطة على الضلع $[BC]$ بحيث         $MB = 2MC$.

أثبت أن $\angle MAB = \angle MKC$.",1
9,". لیکن ABC مثلثا يحقق $AB > AC$، و$D$ منتصف ضلعه $[BC]$، و$B$ و$F $ مسقطي الرأس $ C$ على المنصفين الداخلي والخارجي للزاوية $\angle BAC$، على الترتيب.

أثبت أن التقط $ F$.، $E$ ، $D $ على استقامة واحدة وأن $DE = \frac{1}{2}(AB – AC)$ و$DF =\frac{1}{2} (AB + AC)$.",2
8,"لتكن $D $ نقطة على الضلع $[ BC]$ للمثلث $ABC$  و   $ O_c$ ، $O_b$، $O $   ، مراكز الدوائر المحيطة بالمثلثات $ACD$ ، $ABD$ ،$ABC$، على الترتيب.
<br>
1-أثبت أن المثلثين  $AO_bO_c$   و $ABC$متشابهان.
<br>
2-أثبت أن النّقط  $O_c$ ، $O$ ، $O_b$ ، $A$  تقع على دائرة.",2
10,"نعتبر المثلث $ABC$. لتكن $P$ نقطة تقاطع المستقيم $(AC)$ مع مماس الدائرة المحيطة بالمثلث $ABC$ في $B$. لتكن $B'$ و $C'$ نظيرتي $B$ و $C$ بالنسبة ل $P$، على الترتيب.برهن أن $B'$، $A$، $B$ و $C'$ تشكل رباعيا دائريا.",1
164,"  جد كل الدوال  $f : \R \mapsto \R$  التي تحقق  $$yf(2x)-xf(2y)=8xy(x^2-y^2)$$  لكل  $x,y \in \R$   ",1
217,"   أثبت أنه لكل عدد أولي $p$ وكل عدد صحیح $n$ لدينا  $(1+n)^p \equiv 1 + n^p \pmod p$  ",1
165,"جد كل الدوال 
 $ f: \mathbb{N}^* \mapsto \mathbb{N}^*$ 
 التي تحقق 
 $f(1)=1$ 
 و 
 $$f(m+n)=f(m)+f(n)-2f(mn)$$
 لكل 
 $m,n \in \N^*$",1
17,"ليكن  $ABCD$ متوازي أضلاع فيه: $\angle A < \angle B$ و $H$ ملتقى ارتفاعات المثلث $\triangle ABC$ . المستقيم الموازي للضلع $[AB]$ و المار بالنقطة  $H$ يقطع المستقيمين $(BC)$ و $(DA)$ في  $M$ و $P$ على التوالي . المستقيم الموازي للضلع $[BC]$ و المار بالنقطة $H$ يقطع المستقيمنن $(CD)$ و $(AB)$ في  $N$ و $Q$ . أثبت أن الرباعي $MNPQ$ دائري .",2
28,"جد كل الأزواج     $(a,b)$ التي تجعل المعادلة        $$x^2+2(a+2b)x+6a^2+5b^2-4a+4=0$$تقبل على الأقل حلا حقيقيا.",1
30,"ليكن $x=0.123456789101112\cdots 998999$ بحيث نحصل على الأرقام بعد الفاصلة بكتابة الأعداد من $ 1$ إلى $ 999$ بالترتيب. جد الرقم ذا الرتبة$2020$ بعد الفاصلة .",1
198,"  لیکن  $ABC$   مثلثا و $D$ نقطة على الضلع   $[BC]$   أثبت أن الزاويتين  $\angle CBA$  و   $\angle DAC$   متقایستان إذا وفقط إذا كان  $AC^2=BC \cdot DC$.   ",1
25,"لیکن $ABC$ مثلثا، و $(\omega)$دائرته المحيطة ، و $ D$ منتصف القوس $ CA$ على من المقابل للرأس $ B$. المستقيم العمودي على $[ BC ]$ والمار بالنّقطة $D$ يقطع  $(\omega)$ مرة ثانية في  $E$ . يتقاطع المستقيمان $( AE)$و$( BD)$في $F$. احسب قياس الزاوية $\angle   AFB$ .",2
24,"لیکن $ ABC$ مثلثا، و$A'$ نقطة تماس ضلعه $[BC ]$ لدائرته المحاطة. أثبت أن الدائرتين المحاطتين بالمثلثين  $'ABA$ و$ AA'C$ مماسّتان.",2
26,"ليكن $ABC$مثلثا. الدائرة $\Gamma$تمر بالرأس $A$، وتقطع الضلعين $[AB]$ و$[AC]$مرة ثانية في النقطتين $D$و$E$على الترتيب، والضلع $[BC]$ في $F$و$G$حيث $F$ تقع بين $B$و $G$.المماس للدائرة $(BDF)$في النقطة  $F$والمماس للدائرة $(CEG)$في النقطة $G$ يتقاطعان في النقطة $T$. نفرض أنّ  $A \neq T$. أثبت أن $(AT)$ يوازي  $(BC)$.",3
23,"تقع النقاط  $A$ ، $B$ ، $C$ ، $D$ و $E$ على دائرة $\omega$ وتقع النقطة $P$ خارجها حيث تحقق النقط الخصائص التالية:
<br>
1- $(PB)$ و $(PD)$ يمسان $\omega$.
<br>
2- $P$ ، $A$ و $C$ استقامية . 
<br>
3- $(DE) \parallel (AC)$.
<br>
 أثبت أن  $(BE)$ يقطع $[AC]$ في منتصفها .",3
34,"لتكن $a,b,c,d$ أعدادا حقيقية، مع $b,d$ غير معدومين بحيث $\frac{a}{b}=\frac{c}{d}$.أثبت أن $$\frac{a}{b}=\frac{c}{d} = \frac{\alpha a + \beta c}{\alpha  b + \beta d}$$من أجل كل الثنائيات الحقيقية $(\alpha,\beta)$ التي تحقق $\alpha b + \beta d \neq 0$.",1
35,"جد كل رباعيات الأعداد الحقيقة $(a,b,c,d)$التي تحقق$$a+bcd=b+cda=c+dab=d+abc=2$$",2
36,"إذا كان$r$عددا حقيقيا يحقق $\sqrt[3]{r}+\frac{1}{\sqrt[3]{r}}=3$فاحسب قيمة المقدار$r^3+\frac{1}{r^3}$.",2
37,"أثبت أن العدد $\sqrt[3]{45+29\sqrt{2}}+\sqrt[3]{45-29\sqrt{2}}$ عدد ناطق.",2
38,"جد عدد الأزواج الصحيحة$(m,n)$التي تحقق$m\geq n \geq 0$و$m^3+n^3+33mn=11^3$.",2
39,"إذا كانت الأعداد الحقيقية$a,b,c$موجبة و تحقق$abc=1$فاحسب قيمة المقدار $$\frac{a}{ab+a+1}+\frac{b}{bc+b+1}+\frac{c}{ca+c+1}$$",2
40,"لتكن $a,b,c $أعدادا ناطقة تحقق $$a+b\sqrt[3]{2}+c\sqrt[3]{4}=0$$أثبت أن  $a=b=c=0$.",2
171,"جد كل الدوال 
 $f : \mathbb{R} \mapsto \mathbb{R}$ 
 التي تحقق 
 $f(x) \leqslant x$ 
 و 
 $f(x+y) \leqslant f(x)+f(y)$  
 لكل 
 $x,y \in \mathbb{R}$",1
33,"أثبت أنه إذا كان $s$ و$t$ حلين للمعادلة $x^2-ax+b=0$ فإن $s-1$ و$t-1$ حلان للمعادلة $x^2+(2-a)x+b-a+1=0$",1
29,"ليكن $s$ حلا حقيقيا موجبا للمعادلة$2020x^2-2019x-2021=0$. و$t$حلا حقيقيا موجبا للمعادلة $2021x^2-2019x-2020=0$.احسب قيمة المقدار $\frac{st+s-1}{t}$.",1
172,"لتكن  
 $f : \mathbb{R} \mapsto \mathbb{R}$ 
 دالة تحقق 
 $x+f(x)=f(f(x))$ 
 لكل 
 $x \in \mathbb{R}$ 
 جد كل حلول المعادلة 
 $f(f(x))=0$",1
170,"جد كل الدوال 
 $f : \mathbb{R} \mapsto \mathbb{R}$ 
 التي تحقق 
 $$(x-y)f(x+y)-(x+y)f(x-y)=4xy(x^2-y^2)$$ 
 لكل 
 $x,y \in \mathbb{R}$",1
32,"نلوّن مربعين من رقعة شطرنج ذات أبعاد $7×7$ (أي على شكل جدول ذي $7 $ أسطر و $7 $ أعمدة) بالأصفر، بينما المربعات المتبقية نلوّنها بالأخضر. نقول عن تلوينين أنها متكافئان إذا أمكنا الحصول على أحدهما انطلاقا من الآخر، وذلك بإدارة رقعة الشطرنج. ما هو عدد التلوينات غير المتكافئة الممكنة؟",2
182,"  جد كل الدوال  $f : \mathbb{Z} \mapsto \mathbb{Z}$  التي تحقق  $f(m-n+f(n))=f(m)+f(n)$  لكل  $m,n \in \mathbb{Z}$   ",2
183,"  هل توجد دالة   $f : \mathbb{Z} \mapsto \mathbb{Z}$  تحقق  $f(m+f(n))=f(m)-n$  لكل  $m,n \in \mathbb{Z}$   ",2
184,"  جد كل الدوال  $f : \mathbb{Q} \mapsto \mathbb{Q}$  التي تحقق  $$f(rs)=f(r)f(s)-f(r+s)+1$$  و  $f(1)=2$   لكل  $r,s \in \mathbb{Q}$",2
195,"اخترنا $51$ عددا صحيحا مختلفا من بين الأعداد $1,2, \cdots, 100$.أثبت أنه يوجد من بين هذه الأعداد عددان أحدهما يقسم الآخر.",1
101,"اخترنا $51$ عددا صحيحا مختلفا من بين الأعداد $1,2, \cdots, 100$.
<br>
أثبت أنه يوجد من بين هذه الأعداد عددان متتاليان. 
<br>
أثبت أنه يوجد من بين هذه الأعداد عددان $a>b$ يحققان $a-b=2$
<br>
أثبت أنه يوجد من بين هذه الأعداد عددان حاصل جمعهما يساوي $101$.",1
185,"جد كل الدوال 
 $f : \mathbb{R} \mapsto \mathbb{R}$ 
 التي تحقق 
 $$f(x+f(y))=f(x)+f(f(y))+3xy^6+3x^2f(y)$$ 
 لكل 
 $x,y \in \mathbb{R}$",3
41,"إذا كانت الأعداد الحقيقية$x,y,z,t$تحقق$$\left \{\begin{array}{lcr}x + y + z=t \\\\\frac{1}{x}+\frac{1}{y}+\frac{1}{z}=\frac{1}{t}\\\\x^3 + y^3 + z^3=1010^3\end{array}\right.$$فاحسب قيمة المجموع$x+y+z+t$.",2
43,"احسب قيمة المقدار $$\frac{1}{\sqrt[3]{1}+\sqrt[3]{2}+\sqrt[3]{4}}+\frac{1}{\sqrt[3]{4}+\sqrt[3]{6}+\sqrt[3]{9}}+\frac{1}{\sqrt[3]{9}+\sqrt[3]{12}+\sqrt[3]{16}}+\frac{1}{\sqrt[3]{16}+\sqrt[3]{20}+\sqrt[3]{25}}$$$$+\frac{1}{\sqrt[3]{25}+\sqrt[3]{30}+\sqrt[3]{36}}+\frac{1}{\sqrt[3]{36}+\sqrt[3]{42}+\sqrt[3]{49}}+\frac{1}{\sqrt[3]{49}+\sqrt[3]{56}+\sqrt[3]{64}}$$    ",1
173,"  جد كل الدوال المتباينة  $f : \mathbb{R} \mapsto \mathbb{R}$  التي تحقق  $f(f(x)+y)=f(x)+f(y)$   لكل  $x,y \in \mathbb{R}$   ",1
174,"  جد كل الدوال  $f : \mathbb{R} \mapsto \mathbb{R}$  التي تحقق  $f(x)f(y)+f(x+y)=xy$  لكل  $x,y \in \mathbb{R}$   ",1
50,"إذا كان $T_n=1+2+...+n$و$P_n=\frac{T_2}{T_2-1}\times\frac{T_3}{T_3-1}\times...\times\frac{T_n}{T_n-1}$لكل$n\geq 2$،فاحسب قيمة $P_{2020}$    ",1
51,"أحسب قيمة الجداء$\displaystyle\prod_{n=2}^{20} \frac{n^3-1}{n^3 + 1}$    ",1
53,"جد صيغة مختصرة للمجموع$\displaystyle\sum_{k=1}^{n} k!(k^2+k+1)$     ",1
55,"احسب قيمة الجداء$$\frac{(10^4+324)(22^4+324)(34^4+324)(46^4+324)(58^4+324)}{(4^4+324)(16^4+324)(28^4+324)(40^4+324)(52^4+324)}$$",1
61,"جد كل الأعداد الصحيحة الموجبة تماما $ n = p_1p_2 \cdots p_k$ التي تقسم المقدار $$( p_1 + 1 ) ( p_2 + 1 ) \cdots ( p_k + 1 )$$ حيث $p_1p_2 \cdots p_k$ هو تحليل العدد $n$ إلى أعداد أولية ليست بالضرورة مختلفة.",2
42,"لتكن $a < b < c < d $أعدادا حقيقية غير معدومة. أثبت أن للمعالات الثلاث 
\begin{align}    &ax^2 +(b+d)x+c =0 \\    &bx^2 +(c+d)x+a =0 \\    &cx^2 +(a+d)x+b =0 
\end{align}
جذرا مشتركا إذا وفقط إذا كان $a +b +c+d =0$.",2
46,"لتكنa،bوcثلاثة أعداد حفقيقة مختلفة. اختصر العبارة$$\frac{(b-c)^2}{a^2-ab-ac+bc}+\frac{(c-a)^2}{b^2-bc-ba+ca}+\frac{(a-b)^2}{c^2-ca-cb+ab}$$",2
48,"اختصر المجموع$$\frac{3}{1!+2!+3!}+\frac{4}{2!+3!+4!}+\frac{5}{3!+4!+5!}+...+\frac{2020}{2018!+2019!+2020!}$$",2
49,"إذا علمت أنه يوجد عدد طبيعي$n$يحقق$$\frac{1}{1\times 2}+\frac{1}{3\times 4}+\frac{1}{5\times 6}+...+\frac{1}{2021\times 2022}=\frac{1}{n+1}+\frac{1}{n+2}+...+\frac{1}{2n}$$فجد قيمة$n$",3
62,"جد كل أزواج الأعداد الأولية $(p,q)$ التي تجعل المقدار $p^2+pq+q^2$ مربعا تاما.",2
63,"ليكن $a,b$ عددين صحيحين موجبين تماما. أثبت أنه إذا كان $a^3+b^3$مربعا تاما، فإن $a+b$ لا يمكن أن يساوي حاصل ضرب عددين أوليين مختلفين.",2
54,"جد صيغة مختصرة للمجموع
$$\displaystyle\sum_{k=1}^{n} \frac{1}{\sqrt{2k+\sqrt{4k^2-1}}}$$",2
52,"أحسب قيمة المجموع
$$\displaystyle\sum_{n=1}^{64}\frac{n}{n^4+n^2+1}$$",2
56,"جد $100$ عدد طبيعي $n_1, n_2, \cdots , n_{100}$ مختلفة مثنى مثنى تحقق

$$1 = \frac{1}{n_1} + \frac{1}{n_2} + \cdots + \frac{1}{n_{100}}$$",2
58,"جد كل أزواج الأعداد الصحيحة الموجبة $( x,y )$ التي تحقق المعادلة$x^2 – xy + 2x – 3y = 2015$.",1
60,"جد كل أزواج الأعداد الصحيحة $( n,p )$ حيث $p$ عدد أولي$p^2 = n^3+1$. ",1
64,"جد كل الرباعيات $( a, b , p , n )$ من الأعداد الصحيحة الموجبة تماما، حيث $ p$ عدد أولي ويحقق  $a^3+b^3 =p^n$",2
175,"  جد كل الدوال  $f : \mathbb{R} \mapsto \mathbb{R}$  التي تحقق  $2f(x)=f(x+y)+f(x+2y)$  لكل  $x,y \in \mathbb{R}$  حيث  $y \geqslant 0$   ",1
44,"لتكن
$a,b,c$
ثلاثة أعداد حفقيقة مختلفة.
<br>
1-  اختصر العبارة$$\frac{2a-b-c}{a^2-ab-ac+bc}+\frac{2b-c-a}{b^2-bc-ba+ca}+\frac{2c-a-b}{c^2-ca-cb+ab}$$
2-  اختصر العبارة$$\frac{b-c}{a^2-ab-ac+bc}+\frac{c-a}{b^2-bc-ba+ca}+\frac{a-b}{c^2-ca-cb+ab}+\frac{2}{c-b}+\frac{2}{b-a}$$",1
47,"كم يوجد من كسر غير قابل للإختزال $\frac{m}{n}$ محصور بين $0 $ و $1 $ يحقق  $mn = 20!$؟",2
57,"لیکن$a,n \ge 2$عددين صحيحين . أثبت أنه إذا كان المقدار $a^n - 1$ أوليا فإن $ 2 = a$ و$n$ أولي.",1
59,"لیکن $a>b$ عددين صحيحين موجبين تماما يجعلان $p=a-b$ عددا أوليا و$ab $ مربعا تاما . أثبت أن $a$ و$b$ أوليان نسبيا وأن $p = \sqrt{a} + \sqrt{b}$",1
65,"جد كل أزواج الأعداد الأولية $(p,q)$ التي تجعل المقدارين $p^2+q^3$ و$q^2+p^3$ مربعين تامين.",1
176,"  جد كل الدوال  $f : \mathbb{R} \setminus \{2015\} \mapsto \mathbb{R}$  التي تحقق  $$x+f(x)+2f(\dfrac{2015x-1}{x-2015})=2015$$  لكل  $x \in \mathbb{R} \setminus \{2015\}$   ",1
177,"  جد كل الدوال  $f : \mathbb{R} \mapsto \mathbb{R}$  التي تحقق  $$f(x^2-y^2)=(x+y)(f(x)-f(y))$$  لكل  $x,y \in \mathbb{R}$",1
166,"جد كل الدوال 
 $f : \N \mapsto  \mathbb{N}$ 
 التي تحقق 
<br>
1- 
$f(n)< f(n+1)$ 
لكل 
$n \in \mathbb{N}$

<br>
2- $f(mn)=f(m)f(n)$ 
لكل 
$m,n \in  \mathbb{N}$

<br>
3- $f(2)=2$",1
199,"  ليكن  $ABC$  مثلثا و$D$ نقطة على الضلع  $[BC]$   تجعل $[AD]$ منصفا للزاوية  $\angle CAB$.   أثبت أن $AD^2=AB\cdot AC - DB\cdot DC$.   ",1
186,"  جد كل الدوال  $f : \mathbb{R} \mapsto \mathbb{R}$  التي تحقق  $$xf(x+xy)=xf(x)+f(x^2)f(y)$$  لكل  $x,y \in \mathbb{R}$   ",2
187,"  لتكن  $f : \mathbb{Z} \mapsto \mathbb{Z}$  دالة تحقق  $f(f(m)-n)=f(n)-f(f(m))$  لكل  $m,n \in \mathbb{Z}$  أثبت أن الدالة  f  محدودة.   ",2
66," أثبت أنه لأي عدد صحيح موجب تماما $n$ لدينا $\prod_{d|n} d = n^{\frac{\tau(n)}{2}}$",1
67,"لیکن $n$ و$m$  عددين صحيحين موجبين تماما أوليين فيما بينهما. أثبت أن${n\choose m}$ يقبل القسمة على $n$.",1
68,"جد كل الأعداد الأولية  $p,q$ التي لأجلها يوجد عدد صحیح موجب تماما $n$ يحقق$$\frac{p}{p+1}+\frac{q+1}{q} = \frac{2n}{n+2}$$",2
69,"جد كل الأعداد الأولية $p$ التي تجعل المقدار $p^2-p+1$ مكعبا تاما.",2
70,"جد كل أزواج الأعداد الأولية $(p,q)$ التي تحقق $p^2-pq-q^3=1$.",3
72,"لنفرض أنه يوجد عدد أولي $p$ وأعداد صحيحة موجبة تماما $n,m,l$ تجعل المقدار$$p^{2l-1} m{(mn+1)}^2 + m^2$$مربعا تاما. أثبت أن  $m$ مربع تام.",3
71,"جد كل أزواج الأعداد الأولية $(p,q)$ التي تحقق $p^3-q^7=p-q$.",3
74,"أثبت أن المقدار $n^5-5n^3+4n$  يقبل القسمة على $120$. لكل عدد صحيح $n$.",1
75,"أثبت أن المقدار $7^{2n} + 9^{2n}-2$ يقبل القسمة على $ 128$، لكل عدد صحيح موجب تماما $n$.",1
76,"کم توجد من أزواج $(a , b)$ من الأعداد الصحيحة الموجبة تماما، التي تحقق $a \le b$، والقاسم المشترك الأكبر بين $a$ و$b$ يساوي $31$، و$a+b=2015$",1
77,"لیکن $a \ge 2$ عددا صحيحا، و$m$ و$n$ عددين صحيحين موجبين تماما. أثبت أنه إذا كان $d$ القاسم المشترك الأكبر بين $m$ و$n$ فإن المقدار $a^d-1$ هو القاسم المشترك الأكبر بين القدارین $a^m-1$ و$a^n-1$. ",2
78,"جد جميع الأعداد الصحيحة الموجبة $n$ التي تجعل المقدار$2^{2020}+2^{2023}+2^{n}$ مربعا تاما.",2
79,"أثبت أنه إذا كان $a \le b$عددين صحيحين يحققان $a+b = gcd(a,b)+ lcm(a,b)$فإن $a$ يقسم $b$ ",2
80,"لیکن $n$ عددا صحيحا موجبا تماما ويحقق: $n=n_1+n_2+n_3$ ، حيث $n_1$ باقی قسمة العدد $n$ على $29$ ، و$n_2$ باقي قسمة العدد $n$ على $39$ ، و $n_3$ باقي قسمة العدد $n$ على $59$. جد كل القيم الممكنة للعدد $n$.",2
81,"جد كل الأعداد الصحيحة الموجبة تماما $a \le b$ التي تحقق$a + b = lcm(a, b) + 7gcd(a, b)$",2
200,"  . لیکن $ABCD$ متوازي الأضلاع و $E$ نقطة التقاطع الثانية للمستقيم $(AC)$ مع الدائرة المحيطة بالمثلث $ABD$. أثبت أن المستقيم $(BD)$ مماس للدائرتين المحيطتين بالمثلثين $BCE$ و $CDE$.   ",1
83,"لتكن $P(X)$ كثيرة حدود من درجة زوجية وكل معاملاتها أعداد فردية. أثبت أنه يستحيل أن يكون لكثيرة الحدود $P(X)$جذر ناطق.",2
82,"لتكن  $n,m,k$أعدادا صحيحة موجبة تماما و تحقق $(n-1)n(n+1)=m^k$. أثبت أن $k=1$.",2
84,"ليكن $a$ و$b$ عددين صحيحين مختلفين موجبين تماما، يجعلان المقدار $a^3+b^3+ab$ يقبل القسمة على المقدار $ab(a-b)$. أثبت أن $ab$ مكعب تام.",3
86,"كم يوجد من عدد مكون من $ 4$ أرقام يحتوي على:
<br>
1- أرقام مختلفة مثنى مثنى؟
<br>
2- الرقم $7$ مرة واحدة ووحيدة؟
<br>
3- الرقم $7$ مرة واحدة على الأقل؟
<br>
4- كل من الرقم $ 4$ والرقم $ 5$ مرة واحدة ووحيدة؟",1
88,"لأسماء ثلاثة علب فارغة و $12$ كتابا مدرسيا، ثلاثة كتب منها في الرياضيات. يمكن الأسماء أن تضع في العلبة الأولى أي ثلاثة كتب، وفي العلبة الثانية أي أربعة كتب، وفي العلبة الثالثة أي خمسة كتب. قامت أسماء بترتيب هذه الكتب داخل العلب بطريقة عشوائية. ما هو احتمال أن تكون كتب الرياضيات الثلاثة في علبة واحدة ؟ ",1
89,"يوجد أمام ثانوية الرياضيات بالقبة $16$ موقف سيارة الواحد خلف الآخر. فيالصباح المبكر وصلت $12$ سيارة فاختارت كل واحدة منها موقفا بطريقة عشوائية ، ثم وصلت بعدها حافلة صغيرة تحتاج إلى موقفين متتاليين للوقوف. ما هو احتمال أن تجد هذه الحافلة موقفيها؟ ",1
73,"لیکن $ m$ و$n$ عددين صحيحين موجبين مختلفين. احسب القاسم المشترك الأكبر بين المقدارین$2^{2^m}+1$ و$2^{2^n}+1$.",1
87,"بكم طريقة يمكننا اختيار ثلاثة أعداد من المجموعة 
$\{1,2, \cdots, 34 \}$
 بحيث يكون حاصل جمعهم يقبل القسمة على $ 3$؟",1
134," لتكن  $a,b,c,d$  أعداد حقيقية موجبة تماما. أثبت أن  $$\dfrac{a+c}{a+b}+\dfrac{b+d}{b+c}+\dfrac{c+a}{c+d}+\dfrac{d+b}{d+a} \geqslant 4$$   ",2
135," ليكن  $n$  و  $k$   عددين صحيحين موجبين تماما ، و  $x_1, x_2, \cdots, x_k$  أعدادا حقيقية موجبة تماما و تحقق  $x_1+x_2+\cdots+x_k=1$  أثبت أن  $$\dfrac{1}{x_1^n}+\dfrac{1}{x_2^n}+\cdots +\dfrac{1}{x_k^n} \geqslant k^{n+1}$$   ",2
136," لتكن  $a,b,c$  اعدادا حقيقية موجبة تماما. أثبت أن  $$\dfrac{1}{a}+\dfrac{1}{b}+\dfrac{1}{c} \leqslant \dfrac{a^8+b^8+c^8}{a^3b^3c^3}$$   ",2
137," لتكن  $a,b,c$  اعدادا حقيقية موجبة تحقق  $abc=1$  أثبت أن  $$a^7b^5+a^5b^7+b^7c^5+b^5c^7+c^7a^5+c^5a^7 \geqslant a^5b^4+a^4b^5+b^5c^4+b^4c^5+c^5a^4+c^4a^5$$   ",2
179,"جد كل الدوال 
 $f : \mathbb{R} \mapsto \mathbb{R}$ 
 التي تحقق 
 $f(x+y) \leqslant f(xy)$ 
 لكل 
 $x,y \in \mathbb{R}$",1
85,"جد كل الحلول الصحيحة الموجبة تماما للمعادلة $\frac{1}{n^2} - \frac{3}{2n^3} = \frac{1}{m^2}$.",2
90,"لیکن$m,n$عددين صحيحين موجبين تماما. نتحرك بين عناصر المجموعة $\{0,1,\cdots, m\} \times \{0,1, \cdots, n \}$بالطريقة التالية : في كل خطوة ننتقل من الزوج $(k,l)$ إلى أحد الزوجين $(k+1,l)$ أو $(k,l+1)$إذا أمكننا ذلك. بكم طريقة يمكننا أن نبدأ من $(0 , 0)$ وننتهي في $(m,n)$؟",1
95,"1- كم يوجد من رباعيات الأعداد الطبيعية 
$(a_1,a_2,a_3,a_4)$
 التي تحقق 
${a_1+a_2+a_3+a_4 = 50}$
؟ ماذا لو كانت كل الأعداد موجبة تماما؟
<br>
2- كم يوجد من رباعيات الأعداد الطبيعية 
$(a_1,a_2,a_3,a_4)$
 التي تحقق 
${a_1+a_2+a_3+a_4 \le 50}$",2
96,"كم عدد الدوال 
$f:\{1,2,3,4,5\} \longrightarrow \{1,2,3,4,5\}$
 والتي تحقق 
$f(f(i)) \in \{1,2,3\}$
لكل 
$1 \le i \le 5$
؟",2
97,"خصصت الخطوط الجوية الجزائرية رحلة إلى قسنطينة في طائرة فيها $100$ مقعد،
ووزعت على $100$ راكب أرقام مقاعدهم. عند صعود الطائرة ضيع أول راكب رقم مقعده فجلس في مقعد خال اختاره بطريقة عشوائية، فجعل كل راكب يصعد الطائرة يجلس في مقعده إذا وجده خاليا وإلا يختار بطريقة عشوائية مقعدا آخر خاليا يجلس فيه. ما هو احتمال أن يجد آخر راكب صعودا مقعده خاليا؟",3
98,"يشارك عشر طلاب في اختبار في أربع مواد مختلفة: جبر، وهندسة، ونظرية أعداد،
وتوافيق. طبعت مسائل كل مادة في ورقة مستقلة. يبدأ المراقب بتوزيع مسائل الحبر على الطلاب بترتيب عشوائي. كلما ينتهي طالب من حل مسائل الجبر يعطيه المراقب مسائل الهندسة، وإذا انتهى من حل مسائل الهندسة يعطيه مسائل نظرية الأعداد ثم في الأخير يعطيه مسائل التوافيق بهذا الترتيب. بكم طريقة يمكن للمراقب توزیع المسائل على الطلاب، علما بأنه يمكن لطالب أن يحصل مثلا على مسائل نظرية الأعداد قبل أن يحصل زميله على مسائل الهندسة، وأن يحصل على مسائل التوافيق  بعد أن يحصل نفس الزميل على مسائل التوافيق.",3
99,"يقال لقلعتي لعبة الشطرنج أنهما مسالمتان إذا كانتا في صفين مختلفين وفي عمودین مختلفين.
<br>
1-  بكم طريقة يمكن وضع ثمان قلاع مسالمة على طاولة شطرنج 
$8 \times 8 $
؟ 
<br>
2- بكم طريقة يمكن وضع ثمان قلاع مسالة على طاولة شطرنج 
$9 \times 9$
، في
مربعات كلها بنفس اللون؟",2
100,"كم عدد الكلمات التي يمكن كتابتها بحروف كلمة
$TIZI-OUZOU$
بالشروط المذكور في كل واحدة من الحالات التالية:
<br>
1-  بدون أي شرط على الحروف؟ 
<br>
2- أن لا يتجاور حرفان متماثلان؟ 
<br>
3- أن يتقدم أول  $I$ أول $Z$؟",2
201,"  لتكن  $\omega$  دائرة مركزها $O$ و$B$ ، $A$  نقطتين داخل  $\omega$  ليست في استقامية مع $O$. أثبت أنه يوجد قطر  $[CD]$  للدائرة  $\omega$  يجعل الرباعي $ABCD$ دائريا.   ",1
102,"اخترنا بطريقة عشوائية اثني عشر عددا من بين الأعداد $1,2, \cdots, 2021 $. أثبت أنه يوجد من بينها عددان $m$ و$n$ يحققان $m < n \le 2m$",1
103,"أثبت أنه من كل $100$ عدد صحیح، يمكننا استخراج $15$ عددا، الفارق بين كل عددين منها يقبل القسمة على $7$.",1
104,"قبل بدء مسابقة ترشيح الفريق الجزائري لأولمبياد الرياضيات الدولي، صافح كلطالب من التقى من الطلاب الذين يعرفهم. أثبت أنه يوجد على الأقل طالبان صافحانفس عدد الطلاب. ",1
92,"كم يوجد من متتالية الأعداد الصحيحة $1 \le a_1 \le a_2 \le \cdots \le a_{11} \le 2015$ التي تحقق $a_i$ و$i^2$ لهما نفس باق القسمة على $12$  لكل $1 \le i \le 11$؟",2
105,"جلس عشرون مديرا في اجتماع حول طاولة مستديرة مكتوب عليها أمام كل مقعد اسم مدير. لاحظ كل مدير أنه لم يجلس في مقعده المخصص له. أثبت أنه يمكننا إدارة الطاولة بحيث يقابل مدیرين على الأقل اسماهما.",1
107,"اخترنا بطريقة عشوائية تسعة نقط داخل مربع طول ضلعه $1$. أثبت أنه يوجد من بينها ثلاث نقط هي رؤوس مثلث مساحته أقل من أو تساوي 
$ \frac{1}{8}$.",1
106,"اخترنا بطريقة عشوائية سبعة عشرة نقطة داخل مثلث متطابق الأضلاع، طول ضلعه $4$. أثبت أنه يوجد نقطتان تقل المسافة بينهما من أو تساوي $1$. ماذا لو اخترنا ستة عشرة نقطة ؟",1
93,"كم يوجد من تبدیلات $(s_1, s_2, \cdots, s_5)$ للأعداد $(1,2, \cdots, 5)$ التي تحقق $s_i > s_j$ لكل ${i \ge j+3}$؟",2
91,"كم يوجد من متتالية الأعداد الصحيحة $(a_1,a_2, \cdots, a_8)$ التي تحقق 
$0 \le a_0 \le a_1 \le a_2 < a_3 \le a_4 < a_5 \le a_6 < a_7 \le a_8 \le 80 $ 
؟",2
94,"يريد ماجد أن يلون خانات طاولة $m \times n$ شطرنج باللونين الأبيض والأسود بحيث يشتمل كل مربع من القياس $2 \times 2$ على خانتين ملونتين بالأبيض وخانتين ملونتين بالأسود. حدد عدد الطرق التي تمكن الماجد أن يلون بها طاولة الشطرنج.",2
138," لتكن  $a,b,c$  اعدادا حقيقية موجبة تحقق  $a+b+c=1$  أثبت أن  $$ab+bc+ca-2abc \leqslant \dfrac{7}{27}$$",2
139," لتكن  $a_1,a_2,\cdots ,a_k$  اعدادا حقيقية موجبة ، و  $m,n$  عددين طبيعيين. أثبت أن  $$\dfrac{a_1^{m+n}+a_2^{m+n}+\cdots +a_k^{m+n}}{k} \geqslant \dfrac{a_1^m+a_2^m+ \cdots +a_k^m}{k} \cdot \dfrac{a_1^n+a_2^n+ \cdots +a_k^n}{k}$$   ",3
225,"  لیکن  $n$  عددا صحيحا موجبا تماما. أثبت أن المقدار  $2^{5^{22n+1}}+15$  عدد مركب (غيرأولي).",1
108," لدينا شبكة مستطيلة مكونة من $7 \times 3$ خانة. قام أحمد بتلوين كل خانة من الشبكة بأحد اللونين: أخضر أو أحمر. قام عمر باختيار أربع خانات تشكل الرؤوس الأربع المستطيل أضلاعه موازية لصفوف وأعمدة الشبكة. هل يمكن لأحمد أن يلون خانات الشبكة بحيث يستحيل على عمر أن يختار أربع خانات بلون واحد؟ ماذا لو كانت الشبكة مستطيلة مكونة من $4 \times 6$ خانة ؟ ",1
109,"اخترنا بطريقة عشوائية عشرة أعداد مختلفة من بين الأعداد $1,2, \cdots, 100$. أثبت أنه يمكننا تكوين مجموعتين غير متقاطعتين من هذه الأعداد لهما نفس المجموع (لايشترط أن تشتمل المجموعتان على كل الأعداد العشر). ",2
110,"تم ترتيب الأعداد $$\frac{1}{1 \times 2},\frac{1}{2 \times 3}, \cdots, \frac{1}{2014 \times 2015}$$على دائرة بطريقة عشوائية. أثبت أن هناك عشرة أعداد متتالية على الدائرة حاصلجمعها أقل من $\frac{1}{4000}$.",2
111," أثبت أن هناك عددا غير منته من الأعداد التي تكتب بالرقم $5$ فقط وتقبل القسمةعلى $2015$.",2
112,"تم تلوين نقط المستوي بـ $2015$ لون مختلف. نقول إن المثلث $ABC$ ملون إذا كانت رؤوسه الثلاثة $A,B,C$ بنفس اللون. أثبت أنه يوجد عدد غير منته من المثلثات كلها بنفس اللون ونفس المساحة.",2
113,"لتكن $a_1, a_2, \cdots, a_n$ أعدادا صحيحة. أثبت أنه يوجد عددان صحيحان$ 0 \le k < l \le n$يجعلان المجموع $a_{k+1} + a_{k+2} + \cdots + a_l$ يقبل القسمة على $n$",2
114,"بقي ليوسف $50$ أسبوعا بالضبط على مسابقة الأولمبياد الدولي. ولأن يوسف طالبجاد فإنه يحل في كل يوم من أيام هذه الأسابيع على الأقل مسألة من مسائل التدريب للأولمبياد. إذا علمت أن عدد المسائل التي حلها يوسف في هذه الأسابيع الخمسين هو $600$ مسألة، فأثبت أن هناك مجموعة أيام متصلة مجموع ما حل فيها يوسف من المسائل هو $ 99$ مسألة. ماذا لو كان مجموع ما حل يوسف من المسائل في هذه الأسابيع $599$ مسألة؟",3
115,"تم تجزيء عجلتين، واحدة كبيرة والأخرى صغيرة، كل واحدة منها إلى أربعينقطعة دائرية متقايسة. تم تلوين عشرين قطعة من العجلة الكبيرة باللون الأخضر، والعشرين الأخرى باللون الأحمر. تم تلوين قطع العجلة الصغيرة باللونين الأخضر والأحمر بطريقة عشوائية. أثبت أنه يمكن وضع العجلتين على نفس المحور بحيث لا يقل عدد قطع العجلة الصغيرة التي تقابلها قطع في العجلة الكبيرة بنفس اللون على عشرين قطعة.",3
116,"تم تلوين $46$ خانة على طاولة شطرنج من القياس $9 \times 9$ باللون الأحمر. أثبت أنه توجد كتلة مربعة من الخانات قياسها $2 \times 2$، فيها ثلاث خانات ملونة بالأحمر. ",3
117,"اخترنا $n+2$ عنصرا مختلفا من المجموعة $ \{1, 2, \cdots, 3n \}$. أثبت أنه يوجد من بينها عنصران الفارق بينهما أكبر تماما من $n$ وأصغر تماما من $2n$.",3
118," ليكن  $a,b$  عددين حقيقيين موجبين. أثبت أن  $$a^2+ab+b^2 \leqslant 3(a^2-ab+b^2)$$      ",1
119," ليكن  $a,b$  عددين حقيقيين موجبين. أثبت أن  $$\sqrt[3]{ab^2}+\sqrt[3]{a^2b} \leqslant a+b$$   ",1
120," لتكن $a>b>c>0$  أعداد حقيقية. أثبت أن  $$\dfrac{c}{a-b}+\dfrac{a-c}{b-c}+\dfrac{b}{c} \geqslant 5$$   ",1
121," لتكن  $a,b,c$  أعداد حقيقية موجبة تماما ، تحقق  $a+b+c=1$  أثبت أن  $$(\dfrac{1}{a}-1)(\dfrac{1}{b}-1)(\dfrac{1}{c}-1) \geqslant 8$$   ",1
122," ليكن  $a,b$  عددين حقيقيين موجبين تماما ، و  $n\geqslant1$  عددا طبيعيا. أثبت أن  $$\dfrac{a^n+b^n}{a+b} \geqslant \dfrac{a^{n-1}+b^{n-1}}{2}$$  ",1
123," لتكن  $a,b,c$  أعداد حقيقية موجبة ، تحقق  $ab+bc+ca=3abc$  أثبت أن  $$a^2b+b^2c+c^2a \geqslant 2(a+b+c)-3$$ ",1
180,"جد كل الدوال 
 $f : \mathbb{R} \mapsto \mathbb{R}$ 
 التي تحقق 
 $f(f(f(x)+y)+y)=x+y+f(y)$ 
 لكل 
 $x,y \in \mathbb{R}$",1
124," لتكن  $a,b,c$  اعدادا حقيقية اكبر من  $1$  أثبت أن  $$\dfrac{a(b^2+3)}{3c^2+1}+\dfrac{b(c^2+3)}{3a^2+1}+\dfrac{c(a^2+3)}{3b^2+1} \geqslant 3$$   ",4
125," لتكن  $a,b,c$  اعدادا حقيقية تحقق  $a+b+c=0$  أثبت أن  $$6(a^3+b^3+c^3)^2 \leqslant (a^2+b^2+c^2)^3$$   ",4
126," لتكن  $a,b,c,d$  اعدادا حقيقية موجبة تحقق  $a+b+c+d=1$  أثبت أن  $$6(a^3+b^3+c^3+d^3) \geqslant a^2+b^2+c^2+d^2+\dfrac{1}{8}$$   ",4
127," لتكن  $a,b,c,d$  اعدادا حقيقية موجبة تماما تحقق  $$\dfrac{1}{1+a^4}+\dfrac{1}{1+b^4}+\dfrac{1}{1+c^4}+\dfrac{1}{1+d^4} =1$$  أثبت أن  $abcd \geqslant 3$   ",4
128," لتكن  $a,b,c$  اعدادا حقيقية تحقق  $a^2+b^2+c^2=1$  و  $a+b+c=0$   أثبت أن  $$a^2b^2c^2 \leqslant \dfrac{1}{54}$$   ",4
129," لتكن  $a,b,c$  اعدادا حقيقية موجبة تماما. أثبت أن  $$\dfrac{a}{a+\sqrt{(a+b)(a+c)}}+\dfrac{b}{b+\sqrt{(b+c)(b+a)}}+\dfrac{c}{c+\sqrt{(c+a)(c+b)}} \leqslant 1$$   ",4
131," لتكن  $a,b,c$  أعداد حقيقية موجبة تماما ، تحقق  $ab+bc+ca=1$  أثبت أن  $$\dfrac{1}{a}+\dfrac{1}{b}+\dfrac{1}{c} \geqslant 3(a+b+c)$$   ",2
132," لتكن  $a,b,c$  أعداد حقيقية تحقق  $$a^2+bc \leqslant 2, \ b^2+ca \leqslant 2, \ c^2+ab \leqslant 2$$  جد أصغر قيمة للمقدار  $a+b+c$   ",2
133," جد أصغر قيمة ممكنة للعدد الحقيقي  $k$  بحيث تتحقق المتراجحة  $$(2ab+bc+ca)(2bc+ca+ab)(2ca+ab+bc) \leqslant k(a+b+c)^6$$  لكل الأعداد الحقيقية الموجبة  $a,b,c$    ",2
140," لتكن  $a,b,c$  اعدادا حقيقية موجبة تحقق  $abc=1$  أثبت أن  $$\dfrac{a}{c}+\dfrac{c}{b}+\dfrac{b}{a} \geqslant a+b+c$$   ",3
141," لتكن  $a,b,c$  اعدادا حقيقية موجبة تحقق  $abc=1$  أثبت أن  $$\dfrac{a^3+b^3}{b^2+bc+c^2}+ \dfrac{b^3+c^3}{c^2+ca+a^2}+ \dfrac{c^3+a^3}{a^2+ab+b^2} \geqslant 2$$   ",3
142," لتكن  $a,b,c$  اعدادا حقيقية موجبة تماما تحقق  $a+b+c=1$  أثبت أن  $$\dfrac{a^3}{a^2+b^2}+\dfrac{b^3}{b^2+c^2}+\dfrac{c^3}{c^2+a^2} \geqslant \dfrac{1}{2}$$   ",3
143," لتكن  $a,b,c$  اعدادا حقيقية موجبة تماما تحقق  $abc=1$  أثبت أن  $$(a-1+\dfrac{1}{b})(b-1+\dfrac{1}{c})(c-1+\dfrac{1}{a}) \leqslant 1$$   ",3
130,"لتكن  $a,b,c$  اعدادا حقيقية موجبة تماما. أثبت أن  $$(1+\dfrac{a}{b})(1+\dfrac{b}{c})(1+\dfrac{c}{a}) \geqslant 2(1+\dfrac{a+b+c}{\sqrt[3]{abc}})$$",4
145,"أثبت أنه ليس للمعادلة  ${a^2+b^2=20071203}$  حلول صحيحة. أثبت انه ليس للمعادلة  $${a^2+b^2+c^2=1983095288359}$$  حلول صحيحة.   ",1
146,"  ليكن  $m,n$  عددين صحيحين موجبين تماما. أثبت انه يمكننا كتابة المقدار  $5^n+5^m$  كحاصل جمع مربعين تامين إذا و فقط إذا كان  $n-m$  زوجيا.   ",1
147,"  جد أصغر عدد صحيح موجب تماما  $n$  الذي يمكن كتابته على صيغة  $n=2^{2k+1}-l^2$  ، حيث $k,l$  عددان صحيحان و  $k>1$   ",1
148,"  جد كل ثلاثيات الاعداد الصحيحة  $(a,b,c)$  التي تحقق  $a^2+b^2+c^2=20122012$",1
149,"ليكن  $p$  عددا أوليا. أثيت أن  $$\dfrac{i}{p} \dbinom{p}{i} \equiv (-1)^{i-1} \pmod p$$  لكل  $1 \leqslant i \leqslant p-1$   ",1
150,"  جد كل القيم الممكنة للعدد الطبيعي  $n$  التي تجعل المقدار  $n^2+n+1$  يقسم المقدار  $n^{2015}+56$",1
151,"جد أصغر قيمة ممكنة للعدد الطبيعي  $n \geqslant 1$  التي تجعل للمعادلة  $$x_1^3+x_2^3+ \cdots +x_n^3=3001^{{3001}^{3001}}$$  حلا  $(x_1,x_2, \cdots , x_n)$  من الاعداد الصحيحة.   ",2
152,"  جد كل الأعداد الطبيعية  $n$  التي تساوي مربع حاصل جمع أرقام كتابتها في القاعدة عشرة.   ",2
153,"  جد كل الحلول  $(x,y,z)$  للمعادلة  $x^2+y^2+z^2=x^2y^2$  ، حيث  $x,y,z$  أعداد صحيحة.   ",2
154,"  ليكن  $p$  عددا أوليا فرديا. أثبت أن  $$1^{p-2}+2^{p-2}+\cdots + (\dfrac{p-1}{2})^{p-2} \equiv \dfrac{2-2^p}{p} \pmod p$$   ",2
155,"  ما هي كل القيم الممكنة للعدد الطبيعي  $k$  بحيث توجد  $k$  أعداد أولية  $p_1,p_2, \cdots, p_k$  مختلفة مثنى مثنى تحقق  $$p_1^2+p_2^2+ \cdots +p_k^2=2010$$  ؟",2
156,"جد كل الثلاثيات  $(x,y,z)$  من الاعداد الصحيحة الموجبة تماما التي تحقق  \begin{equation} \left\{     \begin{array}{ll}         x^y+y^x=z^y \\         x^y+2012=y^{z+1}      \end{array} \right. \end{equation}   ",3
157,"  جد كل الحلول الطبيعية للمعادلة  $2^x+2009=3^y5^z$   ",3
158,"  جد كل ازواج الاعداد الصحيحة  $(x,y)$  ، التي تحقق  $x^2-2009y+2y^2=0$   ",3
192,"جد كل أزواج الدوال 
 $f,g : \mathbb{R} \mapsto \mathbb{R}$ 
 حيث 
 $f$ 
 دالة متزايدة قطعا و 
 $$g(y)f(x)+f(y)=f(xy)$$ 
 لكل 
 $x,y \in \mathbb{R}$",3
160,"  جد كل الاعداد الصحيحة الموجبة  $g$  التي تحقق : لكل عدد أولي فردي  $p$  يوجد عدد صحيح موجب تماما  $n$  يجعل  $p$  يقسم العددين الصحيحين  $$g^n-n \mbox{   ,   } g^{n+1}-(n+1)$$",3
161,"جد كل الاعداد الصحيحة الموجبة  $g$  التي تحقق : لكل عدد أولي فردي  $p$  يوجد عدد صحيح موجب تماما  $n$  يجعل  $p$  يقسم العددين الصحيحين  $$g^n-n^2 \mbox{   ,   } g^{n+1}-(n+1)^2$$",4
144,"ليكن  $n \geqslant 3$  عددا طبيعيا ، و  $a_2,a_3, \cdots, a_n$  أعدادا حقيقية موجبة تحقق  $a_2a_3 \cdots a_n=1$  أثبت أن  $$(1+a_2)^2(1+a_3)^3 \cdots (1+a_n)^n > n^n$$",3
178,"جد كل الدوال 
 $f : \mathbb{R} \mapsto \mathbb{R}$ 
 التي تحقق 
 $f(x+y) \leqslant f(x)+f(y) \leqslant x+y$ 
 لكل 
 $x,y \in \mathbb{R}$",1
188,"  جد كل الدوال  $f : \mathbb{R}^* \mapsto \mathbb{R}$  التي تحقق  $xf(xy)+f(-y)=xf(x)$  لكل  $x,y \in \mathbb{R}^*$   ",2
189,"  لتكن  $f : \mathbb{R} \mapsto \mathbb{R}$  دالة تحقق  $f(f(x))=x^2-x+1$  لكل  $x,y \in \mathbb{R}$  جد قيمة  $f(0)$   ",2
190,"  جد كل الدوال  $f : \mathbb{R} \mapsto \mathbb{R}$  التي تحقق  $f(xf(x)+f(y))=f(x)^2+y$  لكل  $x,y \in \mathbb{R}$   ",2
193,"  جد كل الدوال  $f : \mathbb{Q}_+^* \mapsto \mathbb{Q}_+^*$  التي تحقق  $f(r+1)=f(r)+1$  و  $f(r^3)=f(r)^3$  لكل  $r \in \mathbb{Q}_+^*$   ",2
202,"   لتكن  $\omega_1$   و  $\omega_2$  دائرتين مختلفتي المركز و $P$ نقطة متحركة خارج الدائرتين. رسمنا من $P$ مستقيمين يمسان الدائرتين $\omega_1$  و  $\omega_2$  في  $T_1$   و  $T_2$   أثبت أن $PT_1^2-PT_2^2$  متناسبا مع المسافة بين$P$ والمحور الأساسي للدائرتين  $\omega_1$  و  $\omega_2$.      ",1
194,"جد كل الدوال 
 $f : \mathbb{Z} \mapsto \mathbb{Z}$ 
 التي تحقق 
 $$f(m+n)+f(mn)=f(m)f(n)+1$$ 
 لكل 
 $m,n \in \mathbb{Z}$",3
223,"لیکن $a$ عددا صحيحا لا يقبل القسمة على $3$. أثبت أن المقدار 
 $a^{13}-a$ 
 يقبل القسمة على المقدار 
 $2^{13}-2$.",1
191,"جد كل الدوال 
 $f : \mathbb{R} \mapsto \mathbb{R}$ 
 التي تحقق 
 $f(f(x)f(y))=f(x)+f(y)$ 
 لكل 
 $x,y \in \mathbb{R}$",3
204,"  لیکن $ABCDE$ خماسيا منتظما طول ضلعه $a$ و $K$ نقطة تقاطع القطرين  $[AC]$   و  $[BE]$.  أثبت أن  $a^2$   هي قوة النقطة $B$ بالنسبة للدائرة المحيطة بالمثلث $DEK$.   ",1
205,"  لتكن  $\omega_1$  و  $\omega_2$  دائرتين مرکزهما  $O_1$   و  $O_2$  على الترتيب، بحيث لا تحوي إحداهما الأخرى. يمس مستقيم الدائرتين  $\omega_1$  و  $\omega_2$   في  $B_1$  و   $B_2$  على الترتيب. لتكن  $A_1$  و  $A_2$   نقطتي تقاطع القطعة المستقيمة  $[O_1O_2]$  مع الدائرتين  $\omega_1$  و  $\omega_2$  على الترتيب، و $C$ نقطة تقاطع المستقيمين  $(A_1B_1)$  و  $(A_2B_2)$.  أثبت أن النقطة $C$ تقع على المحور الأساسي للدائرتين  $\omega_1$  و  $\omega_2$.",1
206,"لیکن $ABC$ مثلثا فيه $AB \neq AC$  و $D$ نقطة على الضلع  $[BC]$.  يقطع المستقيم $(AB)$ الدائرة المحيطة بالمثلث $ADC$ في $B'$ ويقطع المستقيم $(AC)$ الدائرة المحيطة بالمثلث $ADB$ في $C'$.   أثبت أن المستقيم $(AD)$ منصف للزاوية  $\angle BAC$  إذا وفقط إذا كان  $BB’=CC’$.   ",2
207,"  لتكن $P$ نقطة خارج دائرة $\omega$. يمس مستقيمان من $P$ الدائرة $\omega$ في $A$ و $B$. لیکن $(l)$ مستقیما يتوسط الضلعين $[PA]$ و $[PB]$ ، و $Q$ نقطة على $(l)$ ليست في استقامية مع $P$ و $O$ ، يمس مستقيمان من $Q$ الدائرة $\omega$ في $C$ و $D$. لتكن $E$ نقطة تقاطع المستقيمين $(l)$ و$(CD)$ ، أثبت أن $\angle EPQ$ زاوية قائمة.   ",2
208,"  لیکن $ABC$ مثلثا و $D$ منتصف الضلع $[BC]$. يقطع المحور الأساسي للدائرتين المحيطة والمحاطة بالمثلث $ABC$ المستقيم $(BC)$ في $E$ ، ويقطع المحور الأساسي للدائرتين المحيطة والمحاطة خارجيا بالمثلث  $ABC$ المقابلة للرأس $A$ المستقيم $(BC)$ في $F$. أثبت أن $D$ هي منتصف $[EF]$.   ",2
209,"  لیکن $ABC$ مثلثا حادا ، و $H$ ملتقى ارتفاعاته ، و $M$ نقطة على الضلع $[AB]$ ، و $N$  نقطة على الضلع $[AC]$. أثبت أن $H$ على المحور الأساسي للدائرتين ذواتي القطرين $[BN]$ و $[CM]$.   ",2
210,"  ليكن $ABCD$ شبه منحرف متساوي الساقين  $AD = BC$ ، و  $M,V$   نقطتين على $[AB]$ ، و $P$ نقطة تقاطع المستقيمين $(CM)$ و $(DN)$. أثبت أن المحور الأساسي للدائرتين المحيطتين بالمثلثين $AMD$ و $BNC$ يمر بالنقطة $P$.",2
211,"  لیکن $ABC$ مثلثا و $[BC]$ أقصر أضلاعه. تقع النقطة $P$ على الضلع $[AB]$ بحيث تتقايس الزاويتان $\angle PCB$  و $\angle BAC$. تقع النقطة $Q$ على الضلع $[AC]$ بحيث تتقايس الزاويتان $\angle CBQ$  و $\angle BAC$ ، أثبت أن المستقيم المار بمركزي الدائرتين المحيطتين بالمثلثين $ABC$ و $APQ$ عمودي على $[BC]$.   ",3
212,"  لتكن $P$ نقطة خارج دائرة $\omega$. يمس مستقيمان من $P$ الدائرة $\omega$ في نقطتين $A$ و $B$. يقطع المستقيم الموازي للمستقيم $(PB)$ والمار ب $A$ الدائرة $\omega$ مرة ثانية في $C$. يقطع المستقيم $(PC)$ مرة ثانية الدائرة $\omega$ في $D$. أثبت أن المستقيم $(AD)$ يتوسط القطعة المستقيمة $[PB]$.    ",3
213,"  لیکن $[AB]$ قطرا لنصف دائرة $\omega$ ، و $K$ نقطة على $[AB]$ ليست مركزا ل $\omega$ ، و $M,N,P,Q$ أربع نقط على $\omega$ تحقق  $\angle BKN=\angle AKM$  و  $\angle AKP=\angle BKQ$.  أثبت أن  $(AB),(MN),(PQ)$  تلتقي في نقطة واحدة.   ",3
214,"  لیکن $ABC$ مثلثا و  $M_a,M_b$ منتصفي الضلعين  $[BC],[AC]$ ، على الترتيب. أثبت أن الدائرتين ذواتي القطرين $[AM_a],[BM_b]$  تتقاطعان عند ارتفاع المثلث $ABC$ في $C$.   ",3
215,"  لیکن $ABC$ مثلثا حادا. يقطع ارتفاع $ABC$ عند $A$ الدائرة التي قطرها $[BC]$  في $M,P$. يقطع ارتفاع $ABC$ عند $B$ الدائرة التي قطرها $[CA]$ في $N,Q$. أثبت أن النقط  $M,N,P,Q$  تقع على نفس الدائرة.    ",3
216,"  لیکن $ABC$ مثلثا ، و  $H_a,H_b,H_c$  أقدام ارتفاعاته عند الرؤوس $A,B,C$ ، على الترتيب. يتقاطع المستقيمان $(BC)$ و $(H_bH_c)$ في $A'$ ، والمستقيمان $(CA)$ و  $(H_cH_a)$  في $B'$ ، والمستقيمان $(AB)$ و  $(H_aH_b)$  في $C'$. أثبت أن النقط $A',B',C'$  في استقامية.",3
218," أثبت أنه لكل  $n \in \mathbb{N}$   لدينا التكافؤ التالي: يقبل المقدار $15^n + n^{15}$   القسمة على $31$ ، إذا وفقط إذا قبل المقدار   $15^n n^{15} + 1$  القسمة على $31$.  ",1
203,"لتكن $B$ ، $A$ نقطتين على قطر نصف دائرة 
$\omega$ 
متناظرتين بالنسبة لمركز 
$\omega$. 
النقطتان 
$M$ و $N$ متحركتان على 
$\omega$ 
 بحيث يتوازى المستقيمان $(AM)$ و $(BN)$. أثبت أن
$AM\cdot BN$ 
ثابت.",1
220,"  أثبت أن المقدار  $n^{2821} - n$  يقبل القسمة على $2821$، لكل عدد صحيح $n$. .",1
221," أثبت أنه إذا كان  $p > 5$   عددا أوليا، فإن المقدار $\underbrace{11 \cdots 1}_{p-1}$ يقبل القسمة على $p$. ",1
222," لیکن $x,y$  عددين طبيعيين. أثبت أن $47$ يقسم المقدار  $3^x - 2^y$ ، إذا وفقط إذا كان $23$ يقسم المقدار  $4x + y$ . ",1
224,"لیکن $p$ عددا أوليا. أثبت أن المقدار 
 $\underbrace{11\cdots 1}_{p} \underbrace{22\cdots 2}_{p} \cdots \underbrace{99\cdots 9}_{p}-12\cdots 9$ 
 يقبل القسمة على $p$.",1
219,"جد باق قسمة المقدار
 $2014^{2015^{2016}} -  2016^{2015^{2014}}$
 
  على $107$.",1
226,"  لتكن  $a_1, \cdots, a_9$   أعداد صحيحة. أثبت أنه إذا قبل المقدار  $a_1^9+\cdots +a_9^9$  القسمة على $19$ ، فإن حاصل الضرب  $a_1\cdots a_9$  يقبل القسمة على $19$.  ",2
228,"  لیکن  $x,y$  عددين صحيحين. أثبت أنه إذا كان $2015$ يقسم المقدار  $x^{1435}+y^{1435}$   فإن $2015$ يقسم المقدار  $x^5+y^5$.  ",2
229,"  لیکن  $x,y$  عددين صحيحين ، و  $p>2$  عددا أوليا ، و $k$ قاسم للمقدار  $p-2$.  أثبت أنه إذا كان $p$ يقسم المقدار  $x^k+y^k$  فإن $p$ يقسم المقدار  $x+y$.",2
227,"لتكن 
 $a,b,c,d$ 
 أعدادا صحيحة. أثبت أنه إذا قبل المقدار 
 $a^{15}+2b^{15}+4c^{15}+8d^{15}$ 
 القسمة على $31$ ، فإن الأعداد 
 $a,b,c,d$ 
 كلها تقبل القسمة على $31$.",1
230,"  لیکن  $x,y$  عددين صحيحين ، و  $p>2$  عددا أوليا ، و $k$ عددا صحيحا أوليا مع  $p-1$.  أثبت أنه إذا كان $p$ يقسم المقدار  $x^k+y^k$   فإن $p$ يقسم المقدار  $x+y$.",2
231,"  جد كل الثلاثيات  $(x,y,z)$  من الأعداد الصحيحة الموجبة تماما و تحقق  $x\leqslant y \leqslant z$   و  $x^3(y^3+z^3)=2012(xyz+2)$.   ",3
232,"  جد كل الأعداد الصحيحة الموجبة تماما والأولية مع كل عناصر المتتالية غير المنتهية  $a_n=2^n+3^n+6^n-1$  ،  $n\geqslant 1$.  ",3
233,"جد كل الأعداد الصحيحة 
 $k\geqslant 1$ 
 التي تجعل حاصل ضرب الأعداد الأولية الفردية الأولى 
 $p_1p_2\cdots p_k$ 
  يكتب على شكل 
 $a^b+1$ 
 حيث 
 $a\geqslant 1$ 
 و 
 $b\geqslant 2$ 
 أعداد صحيحة.",3
234,"جد كل أزواج الأعداد الصحيحة 
 $(x,p)$ 
 ، حيث $p$ عدد أولي، و
 $x \le 2p$ 
 ، ويقسم
 $x^{p-1}
$
 المقدار 
$(p-1)^x+1$.",3
